CustomerID,RepeatPurchase,prediction,probability
12349.0,1,1.0,"[0.19077834872634178,0.8092216512736582]"
12354.0,0,1.0,"[0.22949085244957101,0.770509147550429]"
12356.0,1,1.0,"[0.1602072203641121,0.8397927796358879]"
12361.0,0,0.0,"[0.5932695650249762,0.4067304349750238]"
12370.0,1,1.0,"[0.09687604653551256,0.9031239534644875]"
12374.0,1,1.0,"[0.33105799329960556,0.6689420067003944]"
12381.0,1,1.0,"[0.17266562265253352,0.8273343773474665]"
12391.0,1,1.0,"[0.2681543757418056,0.7318456242581943]"
12405.0,0,1.0,"[0.20752672207820178,0.7924732779217982]"
12406.0,1,1.0,"[0.11296119553832899,0.887038804461671]"
12407.0,1,1.0,"[0.1874168515023267,0.8125831484976733]"
12409.0,1,1.0,"[0.06741163452421708,0.9325883654757829]"
12412.0,1,1.0,"[0.2168475872101853,0.7831524127898147]"
12417.0,1,1.0,"[0.09747440698297759,0.9025255930170224]"
12425.0,1,1.0,"[0.2893391548217593,0.7106608451782407]"
12432.0,1,1.0,"[0.10459503736035768,0.8954049626396423]"
12442.0,1,0.0,"[0.5966205004250327,0.4033794995749673]"
12472.0,1,1.0,"[0.05620379681357411,0.9437962031864259]"
12488.0,1,1.0,"[0.23174739825981092,0.7682526017401891]"
12492.0,1,1.0,"[0.49409044791881507,0.5059095520811849]"
12493.0,0,1.0,"[0.43309279861951727,0.5669072013804828]"
12494.0,1,1.0,"[0.2067582556089493,0.7932417443910507]"
12510.0,0,1.0,"[0.2976377021828922,0.7023622978171078]"
12513.0,0,1.0,"[0.3281998996646123,0.6718001003353877]"
12538.0,1,1.0,"[0.42267443656213255,0.5773255634378675]"
12548.0,0,0.0,"[0.7558541825445194,0.24414581745548058]"
12553.0,1,1.0,"[0.09310353607625002,0.90689646392375]"
12559.0,0,1.0,"[0.3851749747498883,0.6148250252501117]"
12562.0,1,1.0,"[0.09870834100922599,0.901291658990774]"
12578.0,1,1.0,"[0.12788077477863502,0.872119225221365]"
12584.0,1,1.0,"[0.1509171557242547,0.8490828442757453]"
12600.0,1,1.0,"[0.16921235322033445,0.8307876467796655]"
12610.0,1,1.0,"[0.15558865347026563,0.8444113465297344]"
12618.0,1,0.0,"[0.6110446390743164,0.3889553609256836]"
12623.0,0,1.0,"[0.4797255137319774,0.5202744862680226]"
12643.0,0,1.0,"[0.2854278250754693,0.7145721749245306]"
12658.0,1,1.0,"[0.31263101143116273,0.6873689885688372]"
12664.0,1,1.0,"[0.16474664966750413,0.8352533503324959]"
12668.0,1,1.0,"[0.10085703774266674,0.8991429622573333]"
12670.0,1,1.0,"[0.13286500890879058,0.8671349910912094]"
12674.0,1,1.0,"[0.1628278620427824,0.8371721379572176]"
12678.0,1,1.0,"[0.05723999176121959,0.9427600082387804]"
12703.0,1,1.0,"[0.4647664790352495,0.5352335209647505]"
12707.0,0,1.0,"[0.3227734827805082,0.6772265172194918]"
12708.0,1,1.0,"[0.11655665794894905,0.8834433420510509]"
12713.0,1,1.0,"[0.28482610378112455,0.7151738962188754]"
12715.0,0,1.0,"[0.4709807601784908,0.5290192398215092]"
12727.0,1,1.0,"[0.10393387976336203,0.896066120236638]"
12729.0,0,1.0,"[0.3896473525197572,0.6103526474802428]"
12744.0,1,1.0,"[0.05730129622642922,0.9426987037735708]"
12759.0,1,1.0,"[0.17603498088888542,0.8239650191111145]"
12763.0,0,1.0,"[0.40254678910331815,0.5974532108966819]"
12770.0,0,1.0,"[0.3288935277792182,0.6711064722207818]"
12783.0,1,1.0,"[0.18794318215327668,0.8120568178467233]"
12817.0,0,0.0,"[0.7166648937478112,0.28333510625218883]"
12827.0,1,1.0,"[0.3861248837964667,0.6138751162035333]"
12833.0,0,1.0,"[0.3935693825186902,0.6064306174813098]"
12851.0,0,1.0,"[0.4885057999910735,0.5114942000089264]"
12871.0,1,1.0,"[0.48193901161878,0.51806098838122]"
12881.0,0,0.0,"[0.6863185923723037,0.31368140762769625]"
12895.0,1,1.0,"[0.41521994744301943,0.5847800525569806]"
12897.0,0,0.0,"[0.6397243009125856,0.3602756990874144]"
12913.0,1,1.0,"[0.1721916347808969,0.8278083652191031]"
12923.0,1,1.0,"[0.4812097220565507,0.5187902779434492]"
12929.0,0,0.0,"[0.6481201118545424,0.35187988814545756]"
12933.0,1,1.0,"[0.22682729141553395,0.7731727085844661]"
12950.0,1,1.0,"[0.2556953355561316,0.7443046644438684]"
12963.0,1,1.0,"[0.1510817412152743,0.8489182587847257]"
12966.0,1,0.0,"[0.5934762900691545,0.4065237099308455]"
12970.0,1,1.0,"[0.24447550001027799,0.755524499989722]"
12976.0,0,1.0,"[0.3386037302377733,0.6613962697622267]"
12984.0,1,0.0,"[0.7218932369048763,0.2781067630951237]"
12990.0,1,1.0,"[0.45671219547400416,0.5432878045259959]"
13000.0,0,1.0,"[0.34881145033387745,0.6511885496661225]"
13008.0,0,0.0,"[0.5183445208569466,0.4816554791430534]"
13011.0,0,0.0,"[0.7958112879417676,0.2041887120582324]"
13013.0,1,1.0,"[0.07314110755972071,0.9268588924402793]"
13018.0,1,1.0,"[0.04528292060254073,0.9547170793974593]"
13021.0,1,1.0,"[0.11782101363153193,0.882178986368468]"
13026.0,1,1.0,"[0.2989541691716782,0.7010458308283218]"
13030.0,1,1.0,"[0.22562962871639267,0.7743703712836073]"
13032.0,1,1.0,"[0.21235996219493994,0.7876400378050601]"
13059.0,0,0.0,"[0.5987450747375485,0.40125492526245155]"
13075.0,0,1.0,"[0.31551449386291797,0.684485506137082]"
13082.0,0,1.0,"[0.168230298906046,0.831769701093954]"
13089.0,1,1.0,"[0.009808188947180827,0.9901918110528192]"
13107.0,1,1.0,"[0.1939782937594857,0.8060217062405143]"
13115.0,1,1.0,"[0.13027604351522684,0.8697239564847732]"
13120.0,0,0.0,"[0.8691345787537984,0.1308654212462016]"
13121.0,0,1.0,"[0.36474897387687755,0.6352510261231225]"
13124.0,1,1.0,"[0.08229731756450906,0.9177026824354909]"
13132.0,0,0.0,"[0.761324737715063,0.23867526228493696]"
13134.0,1,1.0,"[0.15150592009776573,0.8484940799022342]"
13137.0,1,1.0,"[0.05266102606686417,0.9473389739331358]"
13141.0,1,1.0,"[0.11992287019613106,0.880077129803869]"
13148.0,1,1.0,"[0.07317708421175771,0.9268229157882423]"
13162.0,0,1.0,"[0.17190280516379305,0.8280971948362069]"
13168.0,1,1.0,"[0.15765954053523837,0.8423404594647617]"
13184.0,1,1.0,"[0.12897212477777525,0.8710278752222247]"
13186.0,1,1.0,"[0.17539263903054567,0.8246073609694543]"
13189.0,1,1.0,"[0.480765666140448,0.519234333859552]"
13193.0,1,0.0,"[0.5677372269792713,0.4322627730207287]"
13207.0,1,0.0,"[0.5626541203148611,0.43734587968513894]"
13211.0,1,1.0,"[0.2242006639700117,0.7757993360299883]"
13216.0,0,0.0,"[0.5717518586796952,0.42824814132030475]"
13221.0,0,1.0,"[0.23225123788364496,0.767748762116355]"
13229.0,0,0.0,"[0.5929250147497174,0.40707498525028263]"
13244.0,0,0.0,"[0.5266493239098323,0.4733506760901677]"
13245.0,1,1.0,"[0.4301860859253496,0.5698139140746503]"
13247.0,1,1.0,"[0.3689616877601208,0.6310383122398793]"
13279.0,1,0.0,"[0.6203931899741765,0.3796068100258235]"
13280.0,0,1.0,"[0.22108487180171335,0.7789151281982867]"
13297.0,1,1.0,"[0.17072762098496538,0.8292723790150346]"
13301.0,0,1.0,"[0.2449144447146645,0.7550855552853355]"
13307.0,0,0.0,"[0.9019915327957783,0.09800846720422174]"
13309.0,1,1.0,"[0.1622276299429139,0.837772370057086]"
13316.0,1,1.0,"[0.11495055595719768,0.8850494440428023]"
13323.0,1,1.0,"[0.3359743517847098,0.6640256482152902]"
13340.0,1,1.0,"[0.06680743351305674,0.9331925664869433]"
13345.0,0,1.0,"[0.44089519084161977,0.5591048091583802]"
13348.0,1,0.0,"[0.5161370398141261,0.48386296018587394]"
13354.0,1,1.0,"[0.2642651114772842,0.7357348885227157]"
13365.0,1,1.0,"[0.1280185749802802,0.8719814250197198]"
13388.0,0,1.0,"[0.31604783896635746,0.6839521610336425]"
13397.0,1,1.0,"[0.23191474916039542,0.7680852508396045]"
13414.0,0,1.0,"[0.3672001370442271,0.632799862955773]"
13417.0,1,1.0,"[0.3315111736888041,0.6684888263111959]"
13420.0,0,0.0,"[0.6143734232749801,0.3856265767250199]"
13426.0,1,1.0,"[0.09419958081297625,0.9058004191870237]"
13430.0,1,1.0,"[0.29140592860133585,0.7085940713986641]"
13448.0,1,1.0,"[0.08846299876424103,0.911537001235759]"
13467.0,1,1.0,"[0.18599173169149408,0.8140082683085059]"
13479.0,0,1.0,"[0.47904626742950557,0.5209537325704945]"
13482.0,0,0.0,"[0.5678706887265035,0.4321293112734965]"
13486.0,1,1.0,"[0.20735616429344644,0.7926438357065535]"
13489.0,0,1.0,"[0.49737268120620515,0.5026273187937949]"
13491.0,1,1.0,"[0.1918189710596249,0.8081810289403751]"
13497.0,0,1.0,"[0.43796690463740984,0.5620330953625902]"
13515.0,1,1.0,"[0.23645496219842446,0.7635450378015756]"
13516.0,1,1.0,"[0.2833387031684398,0.7166612968315602]"
13529.0,1,0.0,"[0.5385378988532586,0.46146210114674135]"
13533.0,0,1.0,"[0.33153454733051196,0.668465452669488]"
13536.0,1,1.0,"[0.09191391148958553,0.9080860885104145]"
13548.0,0,1.0,"[0.20749206741719772,0.7925079325828023]"
13549.0,1,1.0,"[0.2450964951062807,0.7549035048937193]"
13561.0,0,0.0,"[0.5750920181012602,0.4249079818987398]"
13566.0,1,1.0,"[0.16772793633953087,0.8322720636604691]"
13570.0,0,1.0,"[0.44628071776649925,0.5537192822335008]"
13590.0,1,1.0,"[0.16284416916406116,0.8371558308359388]"
13600.0,0,1.0,"[0.49267746593969586,0.5073225340603041]"
13602.0,1,1.0,"[0.39465979894696057,0.6053402010530394]"
13614.0,1,1.0,"[0.13394989198446194,0.8660501080155381]"
13618.0,0,0.0,"[0.581918569942414,0.418081430057586]"
13635.0,1,1.0,"[0.2173325936474937,0.7826674063525063]"
13650.0,1,1.0,"[0.15118473817958236,0.8488152618204177]"
13663.0,0,0.0,"[0.5484696581797116,0.4515303418202884]"
13670.0,1,1.0,"[0.4098379575861395,0.5901620424138605]"
13672.0,0,0.0,"[0.6226306222684254,0.37736937773157464]"
13681.0,1,1.0,"[0.2455763673922435,0.7544236326077565]"
13705.0,1,1.0,"[0.35197502951341625,0.6480249704865837]"
13706.0,0,1.0,"[0.4591678002304942,0.5408321997695058]"
13711.0,0,0.0,"[0.514569367609266,0.48543063239073403]"
13712.0,0,0.0,"[0.5518766645353191,0.44812333546468086]"
13717.0,1,1.0,"[0.17341613592603794,0.826583864073962]"
13719.0,1,1.0,"[0.22524925893954453,0.7747507410604555]"
13721.0,1,1.0,"[0.35316068694056607,0.6468393130594339]"
13722.0,0,1.0,"[0.14437157671303866,0.8556284232869613]"
13726.0,1,1.0,"[0.2514420133506504,0.7485579866493496]"
13739.0,1,0.0,"[0.6613594816329414,0.33864051836705855]"
13744.0,0,1.0,"[0.21983496104331443,0.7801650389566855]"
13747.0,0,0.0,"[0.8091511211047072,0.19084887889529278]"
13751.0,0,0.0,"[0.531460735949108,0.46853926405089197]"
13761.0,1,1.0,"[0.20873332630374916,0.7912666736962508]"
13764.0,1,1.0,"[0.124259914723819,0.875740085276181]"
13769.0,1,1.0,"[0.1142807067623238,0.8857192932376762]"
13784.0,1,1.0,"[0.22870245584944968,0.7712975441505503]"
13799.0,0,1.0,"[0.29433891886109126,0.7056610811389088]"
13800.0,0,1.0,"[0.34009256706479263,0.6599074329352074]"
13805.0,1,0.0,"[0.5141702463838255,0.48582975361617453]"
13813.0,1,1.0,"[0.20698953384797267,0.7930104661520273]"
13814.0,0,1.0,"[0.20026513655242245,0.7997348634475776]"
13817.0,1,1.0,"[0.4298019496564481,0.570198050343552]"
13819.0,0,1.0,"[0.2530947223467925,0.7469052776532075]"
13824.0,1,1.0,"[0.20163107400694905,0.798368925993051]"
13849.0,1,1.0,"[0.1609572683020483,0.8390427316979517]"
13860.0,1,1.0,"[0.19294925700828292,0.8070507429917171]"
13863.0,0,1.0,"[0.44805108772972396,0.5519489122702761]"
13868.0,1,1.0,"[0.3517338906291877,0.6482661093708123]"
13869.0,0,1.0,"[0.07821024941752826,0.9217897505824717]"
13882.0,1,1.0,"[0.21876906558617307,0.781230934413827]"
13883.0,1,1.0,"[0.11270024446590722,0.8872997555340928]"
13885.0,0,1.0,"[0.35684599873102263,0.6431540012689774]"
13888.0,0,1.0,"[0.30899127679111854,0.6910087232088815]"
13898.0,0,0.0,"[0.6167835328540161,0.3832164671459839]"
13899.0,1,1.0,"[0.4250684297934534,0.5749315702065466]"
13900.0,0,1.0,"[0.2788184089093112,0.7211815910906888]"
13901.0,1,1.0,"[0.11020036403369002,0.88979963596631]"
13908.0,1,1.0,"[0.12608972824535933,0.8739102717546406]"
13914.0,1,1.0,"[0.32319909553962256,0.6768009044603774]"
13919.0,1,1.0,"[0.4159043582181112,0.5840956417818888]"
13925.0,0,1.0,"[0.31658129097033416,0.6834187090296658]"
13926.0,1,0.0,"[0.5775063400252068,0.42249365997479316]"
13931.0,0,1.0,"[0.21044591922895778,0.7895540807710422]"
13932.0,0,1.0,"[0.47001189753959227,0.5299881024604077]"
13934.0,0,1.0,"[0.2853780990517899,0.7146219009482101]"
13959.0,1,1.0,"[0.23913632347270508,0.7608636765272949]"
13963.0,0,1.0,"[0.30749892214303204,0.692501077856968]"
13969.0,1,1.0,"[0.03686423909568351,0.9631357609043165]"
13990.0,0,1.0,"[0.4685116730173967,0.5314883269826033]"
13993.0,1,1.0,"[0.11033679724134254,0.8896632027586575]"
14047.0,1,1.0,"[0.24995838392599262,0.7500416160740073]"
14048.0,0,1.0,"[0.27775280432307276,0.7222471956769272]"
14051.0,1,1.0,"[0.04381164218262528,0.9561883578173748]"
14056.0,1,1.0,"[0.029876383638064767,0.9701236163619352]"
14057.0,1,1.0,"[0.06068274480447923,0.9393172551955208]"
14062.0,1,1.0,"[0.06975819714415214,0.9302418028558479]"
14068.0,0,1.0,"[0.4460180423537229,0.5539819576462771]"
14073.0,1,0.0,"[0.5750557148914446,0.4249442851085554]"
14077.0,1,1.0,"[0.3204613324915254,0.6795386675084746]"
14079.0,0,1.0,"[0.4943049098741625,0.5056950901258375]"
14080.0,1,0.0,"[0.7879539344635783,0.2120460655364217]"
14081.0,0,1.0,"[0.16999180216505244,0.8300081978349476]"
14102.0,1,1.0,"[0.21953613942991662,0.7804638605700833]"
14105.0,0,1.0,"[0.19208359777468673,0.8079164022253132]"
14110.0,1,1.0,"[0.07789814973463827,0.9221018502653617]"
14129.0,1,1.0,"[0.22619503937989965,0.7738049606201003]"
14154.0,0,1.0,"[0.22565835229842368,0.7743416477015763]"
14163.0,1,1.0,"[0.1725434836505667,0.8274565163494333]"
14164.0,1,1.0,"[0.26302997809861894,0.7369700219013811]"
14165.0,0,0.0,"[0.5400625624987135,0.45993743750128646]"
14178.0,1,1.0,"[0.10639710442091477,0.8936028955790852]"
14191.0,1,1.0,"[0.06997434817026833,0.9300256518297316]"
14195.0,0,0.0,"[0.5579956494309656,0.4420043505690344]"
14201.0,1,1.0,"[0.30066006649105176,0.6993399335089483]"
14221.0,1,1.0,"[0.09083658639839212,0.9091634136016079]"
14226.0,1,1.0,"[0.17588955602751122,0.8241104439724888]"
14227.0,1,1.0,"[0.09363549327355004,0.90636450672645]"
14232.0,1,1.0,"[0.13589196147629776,0.8641080385237022]"
14237.0,0,0.0,"[0.639883879407635,0.360116120592365]"
14239.0,1,1.0,"[0.1295672804901893,0.8704327195098107]"
14259.0,0,0.0,"[0.6849813695260383,0.3150186304739617]"
14261.0,1,1.0,"[0.22330612819208934,0.7766938718079106]"
14264.0,0,1.0,"[0.4540501491943969,0.5459498508056031]"
14270.0,0,1.0,"[0.35660521210951385,0.6433947878904862]"
14284.0,1,1.0,"[0.32702341084009023,0.6729765891599098]"
14305.0,1,1.0,"[0.14727488450577178,0.8527251154942282]"
14306.0,1,1.0,"[0.22087454835056575,0.7791254516494343]"
14311.0,0,1.0,"[0.4463331420841802,0.5536668579158198]"
14312.0,1,1.0,"[0.16826663050652355,0.8317333694934764]"
14315.0,1,1.0,"[0.13455771797648125,0.8654422820235188]"
14339.0,0,1.0,"[0.4826337235669628,0.5173662764330371]"
14340.0,0,0.0,"[0.6582338030622685,0.34176619693773147]"
14348.0,0,1.0,"[0.42430012858562244,0.5756998714143775]"
14356.0,1,1.0,"[0.3072618361485084,0.6927381638514916]"
14382.0,1,1.0,"[0.22772863801392362,0.7722713619860764]"
14390.0,1,1.0,"[0.06781015389798274,0.9321898461020173]"
14401.0,1,1.0,"[0.08806552488831051,0.9119344751116895]"
14403.0,0,1.0,"[0.27651131644500027,0.7234886835549997]"
14416.0,1,1.0,"[0.4281657568534443,0.5718342431465557]"
14419.0,1,1.0,"[0.14475365112814573,0.8552463488718542]"
14449.0,1,1.0,"[0.14631799439017226,0.8536820056098278]"
14457.0,0,0.0,"[0.7070578241892275,0.29294217581077253]"
14463.0,0,0.0,"[0.5204686377600017,0.47953136223999826]"
14470.0,1,1.0,"[0.34103655609639694,0.6589634439036031]"
14475.0,1,1.0,"[0.259784286287387,0.7402157137126131]"
14481.0,0,1.0,"[0.3258898664328253,0.6741101335671746]"
14488.0,1,1.0,"[0.24010395216275837,0.7598960478372416]"
14497.0,0,1.0,"[0.3605334796652453,0.6394665203347547]"
14501.0,0,0.0,"[0.5408427326019796,0.45915726739802043]"
14518.0,1,0.0,"[0.6006700917624496,0.39932990823755043]"
14522.0,1,1.0,"[0.3325423686548173,0.6674576313451828]"
14523.0,0,0.0,"[0.5278319577562152,0.47216804224378484]"
14528.0,1,1.0,"[0.43805968225642355,0.5619403177435764]"
14530.0,1,1.0,"[0.09560908807276945,0.9043909119272305]"
14534.0,1,1.0,"[0.05510921770354756,0.9448907822964524]"
14536.0,0,0.0,"[0.5279816094772566,0.4720183905227434]"
14540.0,1,1.0,"[0.21709344777850223,0.7829065522214977]"
14546.0,1,1.0,"[0.07621484036903395,0.9237851596309661]"
14547.0,1,1.0,"[0.06733163243555135,0.9326683675644487]"
14550.0,1,1.0,"[0.26927887785946497,0.730721122140535]"
14557.0,1,1.0,"[0.3610976759120655,0.6389023240879346]"
14560.0,1,1.0,"[0.1569030131581264,0.8430969868418736]"
14561.0,1,1.0,"[0.21174599106388817,0.7882540089361119]"
14562.0,1,1.0,"[0.05581959149895146,0.9441804085010486]"
14593.0,1,1.0,"[0.20068105716410123,0.7993189428358988]"
14598.0,1,1.0,"[0.39231046781051193,0.6076895321894881]"
14601.0,1,0.0,"[0.5932566789958689,0.40674332100413113]"
14623.0,1,1.0,"[0.18069669460078305,0.8193033053992169]"
14632.0,0,0.0,"[0.6511827762601293,0.3488172237398707]"
14640.0,1,1.0,"[0.139699854356519,0.860300145643481]"
14649.0,1,1.0,"[0.13430168529738915,0.8656983147026108]"
14651.0,1,1.0,"[0.23506658541199704,0.7649334145880029]"
14660.0,1,1.0,"[0.4342059527851406,0.5657940472148594]"
14669.0,0,1.0,"[0.1468982745110957,0.8531017254889043]"
14670.0,0,1.0,"[0.2510825761414729,0.7489174238585271]"
14680.0,1,1.0,"[0.03231246754089838,0.9676875324591017]"
14699.0,0,0.0,"[0.6564044935461328,0.34359550645386716]"
14725.0,1,1.0,"[0.28854121017740136,0.7114587898225986]"
14731.0,1,1.0,"[0.34298442396665235,0.6570155760333476]"
14733.0,1,1.0,"[0.05545173917621671,0.9445482608237833]"
14735.0,1,1.0,"[0.06945154956246732,0.9305484504375326]"
14741.0,1,1.0,"[0.206147819062929,0.793852180937071]"
14754.0,1,1.0,"[0.2976033230408689,0.7023966769591311]"
14755.0,1,1.0,"[0.07021258998911556,0.9297874100108845]"
14769.0,1,1.0,"[0.027416178277516873,0.9725838217224831]"
14789.0,1,0.0,"[0.616042121181473,0.38395787881852705]"
14796.0,1,1.0,"[0.02976762110333388,0.9702323788966661]"
14805.0,1,1.0,"[0.30301962452125253,0.6969803754787475]"
14816.0,0,0.0,"[0.8669395269063919,0.13306047309360813]"
14818.0,1,1.0,"[0.28096213970219175,0.7190378602978083]"
14819.0,1,0.0,"[0.5054536718864846,0.4945463281135154]"
14824.0,1,1.0,"[0.27159521329433695,0.7284047867056631]"
14830.0,1,1.0,"[0.45102425534724505,0.548975744652755]"
14834.0,1,1.0,"[0.17636968214691254,0.8236303178530875]"
14840.0,0,0.0,"[0.76163694927428,0.23836305072571995]"
14850.0,0,1.0,"[0.4356572351715999,0.5643427648284001]"
14851.0,1,1.0,"[0.3558652627626654,0.6441347372373346]"
14859.0,1,1.0,"[0.20557071409936917,0.7944292859006308]"
14862.0,1,1.0,"[0.264733231721907,0.735266768278093]"
14865.0,1,0.0,"[0.8077344759351017,0.19226552406489827]"
14871.0,1,1.0,"[0.251589838823471,0.748410161176529]"
14885.0,0,1.0,"[0.3704491216449696,0.6295508783550303]"
14889.0,0,0.0,"[0.6122113578579709,0.3877886421420291]"
14897.0,1,1.0,"[0.21259330669582568,0.7874066933041743]"
14898.0,1,1.0,"[0.1840887030231846,0.8159112969768154]"
14903.0,1,1.0,"[0.07855592014216227,0.9214440798578377]"
14904.0,1,1.0,"[0.2551317909224694,0.7448682090775306]"
14912.0,1,1.0,"[0.3135167579538682,0.6864832420461318]"
14916.0,1,1.0,"[0.19286431069742996,0.8071356893025701]"
14931.0,1,1.0,"[0.2771564628279369,0.7228435371720632]"
14944.0,1,1.0,"[0.07422981346945064,0.9257701865305493]"
14950.0,1,1.0,"[0.4304050673803134,0.5695949326196865]"
14954.0,1,1.0,"[0.3280357407444716,0.6719642592555284]"
14958.0,0,1.0,"[0.3417676569235492,0.6582323430764507]"
14963.0,1,1.0,"[0.12911318133047797,0.870886818669522]"
14965.0,0,1.0,"[0.24708260407352356,0.7529173959264764]"
14966.0,1,1.0,"[0.44833046971980045,0.5516695302801995]"
14976.0,1,1.0,"[0.2342622630473953,0.7657377369526047]"
14984.0,1,1.0,"[0.43149241240790315,0.5685075875920969]"
14985.0,0,1.0,"[0.3152964441608949,0.684703555839105]"
14998.0,0,1.0,"[0.28854911020641333,0.7114508897935867]"
15009.0,1,1.0,"[0.14200543627687792,0.8579945637231221]"
15014.0,1,1.0,"[0.417211143490294,0.582788856509706]"
15021.0,1,1.0,"[0.08503301532960493,0.9149669846703951]"
15030.0,1,1.0,"[0.48867001468653487,0.5113299853134652]"
15032.0,0,1.0,"[0.1469093676165019,0.8530906323834981]"
15035.0,1,1.0,"[0.4493077276026679,0.5506922723973321]"
15039.0,1,1.0,"[0.01760981045877135,0.9823901895412287]"
15044.0,1,1.0,"[0.04496673028833911,0.9550332697116609]"
15047.0,0,1.0,"[0.424710048641595,0.575289951358405]"
15059.0,1,1.0,"[0.12676287309295317,0.8732371269070468]"
15060.0,1,1.0,"[0.2862834925848164,0.7137165074151837]"
15070.0,0,0.0,"[0.7871443737759828,0.2128556262240172]"
15075.0,1,1.0,"[0.31517742459303993,0.6848225754069601]"
15076.0,0,1.0,"[0.25740124733674696,0.742598752663253]"
15088.0,1,1.0,"[0.22443730540236642,0.7755626945976336]"
15091.0,1,1.0,"[0.3560591421827474,0.6439408578172525]"
15096.0,1,0.0,"[0.5475854027009711,0.4524145972990289]"
15106.0,1,1.0,"[0.1674613947091291,0.8325386052908709]"
15107.0,0,1.0,"[0.46541936418036844,0.5345806358196316]"
15142.0,1,1.0,"[0.36571479363213033,0.6342852063678697]"
15158.0,1,0.0,"[0.5192160409091267,0.48078395909087335]"
15163.0,1,1.0,"[0.4109453998483286,0.5890546001516714]"
15172.0,1,1.0,"[0.1555096163693707,0.8444903836306293]"
15185.0,1,0.0,"[0.5411433226818237,0.45885667731817625]"
15192.0,0,1.0,"[0.2356523134906033,0.7643476865093967]"
15194.0,1,1.0,"[0.053303290613473185,0.9466967093865268]"
15197.0,1,1.0,"[0.3190807384462748,0.6809192615537252]"
15204.0,0,0.0,"[0.523557091539496,0.47644290846050397]"
15208.0,1,1.0,"[0.2655409296359096,0.7344590703640904]"
15212.0,0,0.0,"[0.7015928774222522,0.2984071225777478]"
15220.0,1,1.0,"[0.14488827444536131,0.8551117255546387]"
15244.0,1,1.0,"[0.31532175376535193,0.6846782462346481]"
15253.0,1,1.0,"[0.2421025801549233,0.7578974198450767]"
15257.0,0,0.0,"[0.6864862686637664,0.3135137313362336]"
15260.0,0,1.0,"[0.16589980571871768,0.8341001942812823]"
15265.0,0,1.0,"[0.174707425031497,0.825292574968503]"
15275.0,1,1.0,"[0.30421599774464364,0.6957840022553563]"
15279.0,0,1.0,"[0.47327440004655974,0.5267255999534403]"
15288.0,1,1.0,"[0.14215562850433763,0.8578443714956624]"
15292.0,0,0.0,"[0.5089475425404812,0.49105245745951875]"
15306.0,1,1.0,"[0.21464643537389436,0.7853535646261056]"
15313.0,0,0.0,"[0.8382745864096257,0.1617254135903743]"
15341.0,1,1.0,"[0.260001372590106,0.739998627409894]"
15342.0,0,1.0,"[0.39670335307956633,0.6032966469204337]"
15344.0,1,1.0,"[0.3521899222461232,0.6478100777538768]"
15345.0,1,1.0,"[0.4296530570852853,0.5703469429147148]"
15346.0,0,1.0,"[0.48735583665987936,0.5126441633401206]"
15351.0,1,1.0,"[0.10881526944193186,0.8911847305580681]"
15353.0,0,1.0,"[0.24666762151181523,0.7533323784881848]"
15380.0,1,1.0,"[0.21914082433914805,0.780859175660852]"
15384.0,0,1.0,"[0.2969224749099604,0.7030775250900396]"
15393.0,1,0.0,"[0.5324732135846348,0.46752678641536516]"
15407.0,1,1.0,"[0.17663829128343186,0.8233617087165681]"
15417.0,1,1.0,"[0.356413679578208,0.643586320421792]"
15433.0,0,1.0,"[0.3158471138975466,0.6841528861024534]"
15442.0,0,0.0,"[0.5773021672600507,0.4226978327399493]"
15452.0,1,1.0,"[0.290998178762077,0.709001821237923]"
15469.0,1,1.0,"[0.40270236088396394,0.5972976391160361]"
15475.0,1,1.0,"[0.36559418688606593,0.6344058131139341]"
15485.0,1,1.0,"[0.13781734741796098,0.8621826525820391]"
15494.0,1,1.0,"[0.16044643868317923,0.8395535613168208]"
15498.0,1,1.0,"[0.032707315805674486,0.9672926841943255]"
15505.0,1,1.0,"[0.11525354158203625,0.8847464584179637]"
15514.0,1,1.0,"[0.09744945682753334,0.9025505431724666]"
15518.0,1,1.0,"[0.11089226530374018,0.8891077346962598]"
15527.0,1,1.0,"[0.11078758438299101,0.889212415617009]"
15530.0,1,1.0,"[0.15869634704480032,0.8413036529551997]"
15552.0,0,0.0,"[0.616913852879636,0.38308614712036404]"
15555.0,1,1.0,"[0.042747942554961955,0.957252057445038]"
15561.0,1,1.0,"[0.3115689514389325,0.6884310485610675]"
15569.0,0,1.0,"[0.2505521443949296,0.7494478556050703]"
15570.0,1,1.0,"[0.06856553464759865,0.9314344653524014]"
15576.0,1,1.0,"[0.25833023895874485,0.7416697610412551]"
15577.0,0,1.0,"[0.39976608803597935,0.6002339119640206]"
15585.0,0,1.0,"[0.3631496964668242,0.6368503035331758]"
15593.0,1,0.0,"[0.630407593033638,0.369592406966362]"
15611.0,1,1.0,"[0.21383038255566933,0.7861696174443307]"
15612.0,1,0.0,"[0.6418332759728484,0.35816672402715155]"
15615.0,1,1.0,"[0.03949249032224921,0.9605075096777508]"
15625.0,0,1.0,"[0.18741627422299784,0.8125837257770021]"
15626.0,1,1.0,"[0.2791829391168195,0.7208170608831805]"
15632.0,1,1.0,"[0.09743932327242226,0.9025606767275778]"
15643.0,0,1.0,"[0.3359472569521388,0.6640527430478612]"
15644.0,0,1.0,"[0.15487868291204257,0.8451213170879575]"
15648.0,0,1.0,"[0.3460463743629196,0.6539536256370804]"
15653.0,0,0.0,"[0.7839040009700133,0.21609599902998666]"
15654.0,1,1.0,"[0.3254219343723629,0.6745780656276371]"
15655.0,0,1.0,"[0.32775127155887784,0.6722487284411222]"
15657.0,1,0.0,"[0.8701761787489296,0.1298238212510704]"
15658.0,0,1.0,"[0.24354820230199048,0.7564517976980095]"
15660.0,1,1.0,"[0.16438154463768676,0.8356184553623133]"
15663.0,0,0.0,"[0.6200762801185203,0.37992371988147966]"
15667.0,1,1.0,"[0.4932601737964047,0.5067398262035954]"
15671.0,1,1.0,"[0.1437851478080319,0.8562148521919681]"
15677.0,1,1.0,"[0.3139028990143126,0.6860971009856873]"
15680.0,1,1.0,"[0.18486075588247514,0.8151392441175249]"
15683.0,0,0.0,"[0.5714247728306543,0.4285752271693457]"
15700.0,0,1.0,"[0.2319062306449457,0.7680937693550542]"
15704.0,0,1.0,"[0.12828087550603748,0.8717191244939625]"
15713.0,0,1.0,"[0.43508070316806174,0.5649192968319383]"
15714.0,1,1.0,"[0.38581352858636514,0.6141864714136349]"
15717.0,0,0.0,"[0.6331565473330043,0.3668434526669957]"
15750.0,1,1.0,"[0.08782477838024172,0.9121752216197583]"
15754.0,1,1.0,"[0.36789833357962637,0.6321016664203736]"
15763.0,1,1.0,"[0.22738842097728748,0.7726115790227125]"
15764.0,1,1.0,"[0.09599024881201904,0.904009751187981]"
15766.0,1,0.0,"[0.5045253365525504,0.4954746634474496]"
15774.0,1,1.0,"[0.43967804259766885,0.5603219574023311]"
15777.0,0,1.0,"[0.30629491907139034,0.6937050809286096]"
15796.0,1,1.0,"[0.11431039655909465,0.8856896034409053]"
15799.0,1,1.0,"[0.20905995301397778,0.7909400469860222]"
15808.0,0,1.0,"[0.08647147946016731,0.9135285205398327]"
15809.0,1,1.0,"[0.3375596988650717,0.6624403011349282]"
15815.0,1,1.0,"[0.19824030900552653,0.8017596909944735]"
15834.0,1,1.0,"[0.10171154194288912,0.8982884580571109]"
15844.0,1,0.0,"[0.6076803283516748,0.39231967164832515]"
15845.0,1,1.0,"[0.09819656416704999,0.90180343583295]"
15847.0,1,1.0,"[0.43456616893073813,0.5654338310692619]"
15856.0,1,1.0,"[0.028176745137376977,0.971823254862623]"
15860.0,1,1.0,"[0.1809411945075272,0.8190588054924728]"
15869.0,0,0.0,"[0.5620418596521731,0.4379581403478269]"
15880.0,0,1.0,"[0.294706852516789,0.7052931474832109]"
15885.0,0,1.0,"[0.4548163463228842,0.5451836536771157]"
15889.0,0,1.0,"[0.28158309023344863,0.7184169097665514]"
15891.0,0,1.0,"[0.28622251298941537,0.7137774870105846]"
15917.0,0,0.0,"[0.6062909046054104,0.39370909539458965]"
15923.0,0,0.0,"[0.5473858498677496,0.45261415013225037]"
15930.0,1,1.0,"[0.4042522382476654,0.5957477617523346]"
15932.0,1,1.0,"[0.1261473787325986,0.8738526212674014]"
15937.0,1,0.0,"[0.6368520492598959,0.3631479507401041]"
15938.0,0,1.0,"[0.42573254482857076,0.5742674551714293]"
15940.0,0,0.0,"[0.8606028047994821,0.13939719520051785]"
15947.0,1,1.0,"[0.23407243803701094,0.7659275619629891]"
15955.0,1,1.0,"[0.08155118521924253,0.9184488147807575]"
15967.0,1,1.0,"[0.2859081483925986,0.7140918516074014]"
15969.0,1,1.0,"[0.3784707656514343,0.6215292343485657]"
15976.0,0,1.0,"[0.2635336780595257,0.7364663219404743]"
15977.0,1,1.0,"[0.22333866248887793,0.7766613375111221]"
15981.0,1,1.0,"[0.11648954243398146,0.8835104575660185]"
15987.0,1,1.0,"[0.1693521691084642,0.8306478308915358]"
15994.0,1,1.0,"[0.3740073540942643,0.6259926459057357]"
15996.0,1,1.0,"[0.17732712366339318,0.8226728763366068]"
16003.0,1,1.0,"[0.13691114729267817,0.8630888527073218]"
16005.0,1,1.0,"[0.18418865859278621,0.8158113414072138]"
16008.0,1,1.0,"[0.347429876032668,0.652570123967332]"
16010.0,0,1.0,"[0.28831084394072903,0.711689156059271]"
16011.0,1,1.0,"[0.08719254631091851,0.9128074536890814]"
16019.0,1,1.0,"[0.09193755370533395,0.908062446294666]"
16023.0,1,1.0,"[0.21526747427681242,0.7847325257231876]"
16024.0,1,1.0,"[0.36451090853763185,0.6354890914623681]"
16029.0,1,1.0,"[0.041007515721016075,0.9589924842789839]"
16031.0,0,1.0,"[0.24790420019365608,0.7520957998063439]"
16037.0,0,1.0,"[0.29287169381060535,0.7071283061893947]"
16038.0,1,1.0,"[0.37190292647047535,0.6280970735295246]"
16045.0,0,1.0,"[0.1805401510517765,0.8194598489482234]"
16070.0,1,1.0,"[0.29073992162930845,0.7092600783706915]"
16076.0,1,1.0,"[0.12723826390209445,0.8727617360979055]"
16083.0,0,1.0,"[0.25773785112657693,0.7422621488734231]"
16086.0,1,1.0,"[0.24829801965501314,0.7517019803449869]"
16093.0,0,0.0,"[0.8968859724568407,0.10311402754315935]"
16096.0,0,0.0,"[0.5610992061824679,0.4389007938175321]"
16104.0,1,1.0,"[0.4424697233871707,0.5575302766128293]"
16109.0,0,1.0,"[0.40965058091928597,0.590349419080714]"
16127.0,1,1.0,"[0.2969586832495353,0.7030413167504648]"
16135.0,0,1.0,"[0.38220859882583813,0.6177914011741619]"
16147.0,0,1.0,"[0.4145371091393651,0.585462890860635]"
16160.0,1,1.0,"[0.35810531498355896,0.6418946850164411]"
16161.0,1,1.0,"[0.051495639518622356,0.9485043604813777]"
16171.0,1,0.0,"[0.765977689422506,0.234022310577494]"
16173.0,1,1.0,"[0.1758464661674856,0.8241535338325144]"
16185.0,1,1.0,"[0.34246170460302616,0.6575382953969738]"
16190.0,1,0.0,"[0.6805882766457335,0.3194117233542665]"
16191.0,1,1.0,"[0.09093976712079192,0.9090602328792081]"
16198.0,1,1.0,"[0.45192933492547216,0.5480706650745278]"
16213.0,1,0.0,"[0.6402554825276566,0.3597445174723434]"
16221.0,1,1.0,"[0.2058205911415301,0.7941794088584699]"
16227.0,0,0.0,"[0.5625296884374882,0.4374703115625118]"
16229.0,1,1.0,"[0.2429837774939828,0.7570162225060172]"
16250.0,0,1.0,"[0.4015038252819279,0.5984961747180721]"
16266.0,1,1.0,"[0.23678934940657861,0.7632106505934214]"
16272.0,0,1.0,"[0.39110572499085233,0.6088942750091477]"
16274.0,0,1.0,"[0.34311880401780476,0.6568811959821952]"
16276.0,0,0.0,"[0.5930658078112178,0.40693419218878224]"
16287.0,0,0.0,"[0.6530916811626556,0.3469083188373444]"
16297.0,0,1.0,"[0.4495603713096087,0.5504396286903913]"
16311.0,1,1.0,"[0.31023564270453263,0.6897643572954674]"
16316.0,1,1.0,"[0.11944376438002408,0.8805562356199759]"
16318.0,1,1.0,"[0.44490476637964516,0.5550952336203548]"
16319.0,0,0.0,"[0.5918858182582933,0.40811418174170666]"
16332.0,1,1.0,"[0.13650029055411944,0.8634997094458805]"
16345.0,1,1.0,"[0.3494481471217072,0.6505518528782928]"
16358.0,1,1.0,"[0.13860426142496013,0.8613957385750399]"
16364.0,1,1.0,"[0.2675315050573367,0.7324684949426633]"
16367.0,1,1.0,"[0.19425945903390826,0.8057405409660917]"
16394.0,1,1.0,"[0.17982471778116366,0.8201752822188364]"
16399.0,1,1.0,"[0.30187201539714587,0.6981279846028541]"
16409.0,1,1.0,"[0.10459759451828556,0.8954024054817145]"
16414.0,1,0.0,"[0.6522085343119648,0.3477914656880352]"
16424.0,0,0.0,"[0.6738927529414505,0.32610724705854954]"
16426.0,1,1.0,"[0.09235914288074988,0.9076408571192501]"
16430.0,1,0.0,"[0.567635350300895,0.43236464969910504]"
16438.0,1,1.0,"[0.1898324410654282,0.8101675589345718]"
16444.0,1,1.0,"[0.2403244003433256,0.7596755996566744]"
16446.0,0,0.0,"[0.938290638290451,0.06170936170954899]"
16447.0,0,1.0,"[0.4149740723521807,0.5850259276478194]"
16451.0,1,0.0,"[0.5002871631352366,0.4997128368647634]"
16460.0,1,1.0,"[0.19143990279106304,0.808560097208937]"
16462.0,1,0.0,"[0.7092610918636296,0.2907389081363704]"
16469.0,1,1.0,"[0.19175592821598147,0.8082440717840185]"
16470.0,1,1.0,"[0.17988612589028977,0.8201138741097103]"
16471.0,0,0.0,"[0.5286524155285576,0.4713475844714424]"
16475.0,0,1.0,"[0.37124106208142976,0.6287589379185703]"
16511.0,1,1.0,"[0.16674160101275257,0.8332583989872474]"
16513.0,1,1.0,"[0.28023011949624754,0.7197698805037525]"
16517.0,0,0.0,"[0.5396390547353888,0.46036094526461124]"
16526.0,0,1.0,"[0.4833184977506458,0.5166815022493543]"
16533.0,1,1.0,"[0.15042546648134744,0.8495745335186525]"
16549.0,1,1.0,"[0.04421962420637491,0.9557803757936251]"
16560.0,1,1.0,"[0.24962982511342285,0.7503701748865772]"
16565.0,0,0.0,"[0.6846610857760402,0.31533891422395977]"
16567.0,0,1.0,"[0.3067793693741377,0.6932206306258624]"
16569.0,1,0.0,"[0.681441419741613,0.318558580258387]"
16583.0,0,0.0,"[0.5162952192113849,0.4837047807886151]"
16595.0,1,1.0,"[0.292832514294179,0.707167485705821]"
16596.0,1,0.0,"[0.5234407378045824,0.47655926219541755]"
16597.0,1,0.0,"[0.7249569322608587,0.27504306773914133]"
16600.0,1,1.0,"[0.2479121593796629,0.7520878406203371]"
16601.0,1,1.0,"[0.43391720643082904,0.566082793569171]"
16614.0,0,1.0,"[0.36407099275746835,0.6359290072425317]"
16618.0,1,1.0,"[0.13518360766376214,0.8648163923362379]"
16633.0,1,1.0,"[0.10657934671000008,0.89342065329]"
16642.0,1,1.0,"[0.3101786154812997,0.6898213845187002]"
16654.0,0,1.0,"[0.3488439044185563,0.6511560955814437]"
16657.0,1,1.0,"[0.16074815055688388,0.8392518494431161]"
16674.0,1,1.0,"[0.299136761131505,0.700863238868495]"
16680.0,1,0.0,"[0.5776329098049047,0.42236709019509533]"
16681.0,1,1.0,"[0.20147019664549534,0.7985298033545046]"
16684.0,1,1.0,"[0.04284716097234012,0.9571528390276599]"
16693.0,1,1.0,"[0.30020128272436714,0.6997987172756328]"
16696.0,0,1.0,"[0.42639427473803343,0.5736057252619666]"
16711.0,1,1.0,"[0.2637146845097009,0.7362853154902991]"
16713.0,1,1.0,"[0.04204332266606147,0.9579566773339385]"
16717.0,1,1.0,"[0.0846022024334683,0.9153977975665317]"
16726.0,1,1.0,"[0.1364816794696773,0.8635183205303227]"
16739.0,0,1.0,"[0.4849648553046354,0.5150351446953646]"
16743.0,1,1.0,"[0.10902978935721319,0.8909702106427868]"
16753.0,1,1.0,"[0.4351081619983124,0.5648918380016876]"
16770.0,1,1.0,"[0.19262737461131976,0.8073726253886803]"
16774.0,1,1.0,"[0.28041719659024694,0.7195828034097531]"
16777.0,1,1.0,"[0.39609037415400233,0.6039096258459977]"
16793.0,1,1.0,"[0.4976328477134476,0.5023671522865524]"
16795.0,0,1.0,"[0.2986174657243074,0.7013825342756925]"
16803.0,1,1.0,"[0.41985791776814635,0.5801420822318537]"
16807.0,0,1.0,"[0.21024921532289656,0.7897507846771035]"
16817.0,1,1.0,"[0.17016297330621288,0.8298370266937871]"
16823.0,0,1.0,"[0.3686027173495129,0.6313972826504871]"
16825.0,1,1.0,"[0.34502487993760306,0.654975120062397]"
16829.0,0,0.0,"[0.5601422715883075,0.43985772841169246]"
16830.0,1,1.0,"[0.42641275896305086,0.5735872410369491]"
16834.0,0,1.0,"[0.3946468656352167,0.6053531343647833]"
16855.0,1,1.0,"[0.4448148891687503,0.5551851108312498]"
16859.0,0,1.0,"[0.2739221907235841,0.726077809276416]"
16866.0,0,0.0,"[0.5540262434700985,0.44597375652990146]"
16869.0,1,1.0,"[0.1931363462082683,0.8068636537917317]"
16882.0,1,1.0,"[0.29202484855529187,0.7079751514447081]"
16898.0,1,1.0,"[0.21784669520512506,0.782153304794875]"
16899.0,1,1.0,"[0.16045827053743164,0.8395417294625683]"
16902.0,0,1.0,"[0.20600797933402223,0.7939920206659777]"
16904.0,1,1.0,"[0.05355988317236647,0.9464401168276335]"
16910.0,1,1.0,"[0.08588273290408592,0.9141172670959141]"
16914.0,1,1.0,"[0.4667573176846449,0.5332426823153551]"
16915.0,1,1.0,"[0.3003113865046627,0.6996886134953373]"
16924.0,1,1.0,"[0.22016589875225348,0.7798341012477465]"
16926.0,0,0.0,"[0.5179401716260568,0.48205982837394323]"
16938.0,1,1.0,"[0.10743948524991195,0.892560514750088]"
16953.0,1,0.0,"[0.8880804097060307,0.11191959029396925]"
16960.0,1,1.0,"[0.24401506834047285,0.7559849316595272]"
16963.0,0,0.0,"[0.6663852236241802,0.3336147763758198]"
16967.0,0,1.0,"[0.43811147207433543,0.5618885279256646]"
16968.0,1,1.0,"[0.3715860529133307,0.6284139470866693]"
16978.0,1,1.0,"[0.367558212655451,0.6324417873445489]"
16980.0,0,1.0,"[0.22323175930340822,0.7767682406965918]"
16982.0,1,1.0,"[0.41176993199998196,0.5882300680000181]"
16990.0,0,0.0,"[0.7425711279381323,0.2574288720618677]"
17004.0,1,1.0,"[0.24888388986381035,0.7511161101361896]"
17010.0,1,0.0,"[0.5612554002757518,0.4387445997242482]"
17014.0,1,1.0,"[0.2584757265483426,0.7415242734516574]"
17017.0,1,1.0,"[0.05357610660413049,0.9464238933958695]"
17019.0,1,1.0,"[0.1292410997639946,0.8707589002360054]"
17022.0,1,0.0,"[0.7113066721656508,0.2886933278343492]"
17031.0,1,1.0,"[0.41289445291602067,0.5871055470839793]"
17040.0,0,1.0,"[0.4314615610809519,0.5685384389190481]"
17043.0,1,1.0,"[0.15135238128385514,0.8486476187161449]"
17046.0,0,1.0,"[0.35378404624774984,0.6462159537522502]"
17052.0,1,1.0,"[0.2823791157730625,0.7176208842269375]"
17059.0,1,1.0,"[0.06345014540709258,0.9365498545929074]"
17060.0,0,0.0,"[0.7385137943005745,0.2614862056994255]"
17063.0,1,1.0,"[0.17836322658589918,0.8216367734141008]"
17070.0,0,1.0,"[0.33645584839184906,0.663544151608151]"
17076.0,1,1.0,"[0.3201294851045354,0.6798705148954646]"
17081.0,1,1.0,"[0.3404679834049318,0.6595320165950682]"
17091.0,1,1.0,"[0.08506677400596495,0.914933225994035]"
17097.0,1,1.0,"[0.15043263145705005,0.8495673685429499]"
17138.0,0,1.0,"[0.4041747870383723,0.5958252129616277]"
17140.0,0,1.0,"[0.47752278260521497,0.522477217394785]"
17166.0,1,0.0,"[0.546296102359772,0.453703897640228]"
17169.0,1,1.0,"[0.2489806552590559,0.7510193447409441]"
17171.0,0,0.0,"[0.5072752021735606,0.4927247978264394]"
17186.0,1,0.0,"[0.7287820229761617,0.2712179770238383]"
17193.0,1,1.0,"[0.2429092942099924,0.7570907057900076]"
17198.0,1,1.0,"[0.22129858605687008,0.7787014139431299]"
17214.0,1,1.0,"[0.1916895225511207,0.8083104774488793]"
17218.0,1,1.0,"[0.0998837932680197,0.9001162067319803]"
17222.0,1,1.0,"[0.40929742051443846,0.5907025794855616]"
17227.0,1,1.0,"[0.25576676824037387,0.7442332317596261]"
17228.0,1,1.0,"[0.11168056016276834,0.8883194398372316]"
17232.0,1,1.0,"[0.3566872437514533,0.6433127562485468]"
17243.0,1,1.0,"[0.0453270590629869,0.954672940937013]"
17254.0,1,1.0,"[0.29783163855183026,0.7021683614481697]"
17274.0,1,0.0,"[0.548919031119825,0.451080968880175]"
17277.0,0,1.0,"[0.21013795863263976,0.7898620413673603]"
17289.0,1,1.0,"[0.1924572266999204,0.8075427733000796]"
17295.0,1,1.0,"[0.2691787870449318,0.7308212129550682]"
17302.0,1,1.0,"[0.19589067805800509,0.8041093219419949]"
17306.0,1,1.0,"[0.1366124638338904,0.8633875361661096]"
17313.0,1,1.0,"[0.22176048496344247,0.7782395150365575]"
17315.0,1,1.0,"[0.04869177667973328,0.9513082233202668]"
17320.0,0,1.0,"[0.19698183186887197,0.803018168131128]"
17343.0,0,0.0,"[0.5359852426608094,0.4640147573391906]"
17349.0,0,0.0,"[0.6675606242420329,0.3324393757579671]"
17362.0,0,1.0,"[0.40612337013934263,0.5938766298606574]"
17367.0,0,1.0,"[0.4678141036907412,0.5321858963092587]"
17371.0,1,1.0,"[0.27480220262289745,0.7251977973771025]"
17381.0,1,1.0,"[0.15648793626445603,0.843512063735544]"
17384.0,1,1.0,"[0.4657849699145256,0.5342150300854744]"
17392.0,0,1.0,"[0.3300050905973797,0.6699949094026203]"
17397.0,1,1.0,"[0.23121443004875183,0.7687855699512481]"
17404.0,1,1.0,"[0.07323989453061462,0.9267601054693854]"
17406.0,0,1.0,"[0.15649554292303,0.84350445707697]"
17415.0,1,0.0,"[0.5066812069562371,0.4933187930437629]"
17418.0,1,1.0,"[0.3644309751259791,0.6355690248740209]"
17431.0,0,1.0,"[0.34089419604547605,0.6591058039545239]"
17433.0,1,1.0,"[0.3500175740393243,0.6499824259606757]"
17434.0,1,1.0,"[0.12122872126959597,0.8787712787304041]"
17446.0,0,0.0,"[0.6348959459157563,0.36510405408424373]"
17457.0,0,1.0,"[0.2924980388966982,0.7075019611033018]"
17466.0,1,1.0,"[0.2853184411328881,0.7146815588671118]"
17469.0,1,1.0,"[0.15482722698640647,0.8451727730135935]"
17490.0,1,1.0,"[0.15598016675600682,0.8440198332439932]"
17495.0,1,1.0,"[0.3623522165481045,0.6376477834518954]"
17500.0,1,0.0,"[0.8433901280855799,0.1566098719144201]"
17515.0,1,1.0,"[0.23542684588749388,0.7645731541125061]"
17520.0,1,1.0,"[0.35607995721037206,0.6439200427896279]"
17526.0,1,1.0,"[0.3015148927170823,0.6984851072829177]"
17527.0,1,1.0,"[0.24947934614219539,0.7505206538578046]"
17536.0,0,0.0,"[0.7622180781062476,0.23778192189375236]"
17560.0,0,1.0,"[0.30819134356908506,0.6918086564309149]"
17564.0,1,1.0,"[0.3162653008602597,0.6837346991397403]"
17567.0,1,1.0,"[0.0879552590081814,0.9120447409918186]"
17576.0,1,1.0,"[0.06616807324497416,0.9338319267550258]"
17578.0,0,0.0,"[0.6663706146383913,0.3336293853616087]"
17581.0,1,1.0,"[0.038658776695253715,0.9613412233047463]"
17591.0,1,1.0,"[0.11716810680061966,0.8828318931993804]"
17596.0,1,1.0,"[0.09214045163731707,0.9078595483626829]"
17609.0,1,1.0,"[0.13755729795051086,0.8624427020494891]"
17611.0,1,1.0,"[0.05444267276769748,0.9455573272323026]"
17612.0,1,1.0,"[0.13041125099497908,0.8695887490050209]"
17616.0,0,0.0,"[0.6760032363701385,0.3239967636298615]"
17618.0,1,1.0,"[0.2372517286330107,0.7627482713669893]"
17640.0,1,1.0,"[0.4978756151388248,0.5021243848611752]"
17643.0,0,0.0,"[0.6640721088198024,0.3359278911801976]"
17644.0,1,1.0,"[0.10399516131384677,0.8960048386861532]"
17646.0,0,1.0,"[0.23689060213998167,0.7631093978600183]"
17652.0,1,1.0,"[0.0692663535672198,0.9307336464327802]"
17658.0,1,1.0,"[0.3760815955071448,0.6239184044928552]"
17667.0,1,1.0,"[0.13469535279763004,0.86530464720237]"
17675.0,1,1.0,"[0.02347639540341376,0.9765236045965863]"
17692.0,0,1.0,"[0.27784663944976873,0.7221533605502313]"
17693.0,0,0.0,"[0.5378714637543132,0.46212853624568684]"
17696.0,1,1.0,"[0.12929235990236307,0.8707076400976369]"
17714.0,0,0.0,"[0.5987352466338307,0.4012647533661693]"
17725.0,1,1.0,"[0.09014878476561383,0.9098512152343862]"
17746.0,0,0.0,"[0.6793229133704327,0.3206770866295673]"
17749.0,0,1.0,"[0.31353237217411606,0.6864676278258839]"
17757.0,1,1.0,"[0.04277546834305468,0.9572245316569453]"
17767.0,1,1.0,"[0.45729160923304635,0.5427083907669537]"
17769.0,1,1.0,"[0.07037098272679433,0.9296290172732057]"
17772.0,1,1.0,"[0.4206803016524257,0.5793196983475744]"
17783.0,1,1.0,"[0.33665634107626347,0.6633436589237365]"
17795.0,0,1.0,"[0.3664945136161093,0.6335054863838907]"
17800.0,1,1.0,"[0.17560552471410915,0.8243944752858908]"
17802.0,1,1.0,"[0.15246771342248622,0.8475322865775138]"
17819.0,1,1.0,"[0.1472055619918345,0.8527944380081656]"
17828.0,1,1.0,"[0.2083256302629321,0.7916743697370678]"
17829.0,0,1.0,"[0.2917509397498285,0.7082490602501714]"
17830.0,1,1.0,"[0.403028186229915,0.596971813770085]"
17856.0,1,1.0,"[0.40786573765784,0.5921342623421599]"
17864.0,1,1.0,"[0.2451288641829516,0.7548711358170483]"
17866.0,0,0.0,"[0.5187327616417706,0.4812672383582294]"
17867.0,1,1.0,"[0.26361857111338355,0.7363814288866164]"
17873.0,1,1.0,"[0.20691523187083505,0.793084768129165]"
17880.0,0,1.0,"[0.3749959628964124,0.6250040371035877]"
17893.0,0,0.0,"[0.6006147884296107,0.3993852115703893]"
17894.0,1,1.0,"[0.14605070653387486,0.8539492934661251]"
17895.0,1,0.0,"[0.6286010859495105,0.3713989140504895]"
17919.0,1,1.0,"[0.2768676378334191,0.7231323621665808]"
17920.0,1,1.0,"[0.05214935584430312,0.9478506441556969]"
17923.0,0,0.0,"[0.7288747382524476,0.27112526174755236]"
17926.0,0,1.0,"[0.42502934089764255,0.5749706591023575]"
17935.0,0,1.0,"[0.4978060509296388,0.5021939490703612]"
17939.0,0,0.0,"[0.6305494355356766,0.36945056446432345]"
17954.0,1,1.0,"[0.07619032553656309,0.9238096744634369]"
17957.0,1,0.0,"[0.5442710335021349,0.4557289664978651]"
17965.0,1,1.0,"[0.0827207721194644,0.9172792278805356]"
17970.0,0,1.0,"[0.34213107861115094,0.6578689213888491]"
17972.0,0,0.0,"[0.5217009992118666,0.47829900078813337]"
17974.0,1,1.0,"[0.18500034606671,0.81499965393329]"
17976.0,0,1.0,"[0.34042006282448756,0.6595799371755124]"
17980.0,0,1.0,"[0.3008894073364158,0.6991105926635842]"
17984.0,0,1.0,"[0.43979504760947336,0.5602049523905266]"
17988.0,1,1.0,"[0.4605044145011375,0.5394955854988626]"
17997.0,1,1.0,"[0.12584428952685,0.87415571047315]"
18004.0,0,1.0,"[0.46697907204058015,0.5330209279594198]"
18033.0,1,0.0,"[0.5810892524477704,0.41891074755222957]"
18035.0,1,1.0,"[0.2754073765121183,0.7245926234878817]"
18044.0,1,1.0,"[0.1336784574681345,0.8663215425318656]"
18058.0,1,0.0,"[0.6867758115052335,0.3132241884947665]"
18059.0,1,1.0,"[0.45846593580252976,0.5415340641974702]"
18061.0,1,1.0,"[0.20433257766714077,0.7956674223328593]"
18062.0,0,1.0,"[0.32249042065368017,0.6775095793463198]"
18064.0,0,1.0,"[0.4350227459596731,0.5649772540403268]"
18072.0,0,1.0,"[0.4995271769137548,0.5004728230862452]"
18086.0,0,0.0,"[0.6755041773362678,0.3244958226637322]"
18105.0,1,0.0,"[0.5761626446978887,0.4238373553021113]"
18108.0,0,1.0,"[0.4788869351002268,0.5211130648997733]"
18110.0,1,1.0,"[0.4391603684064711,0.5608396315935289]"
18116.0,1,1.0,"[0.10245163747409361,0.8975483625259064]"
18119.0,0,1.0,"[0.47226732470987554,0.5277326752901245]"
18121.0,0,1.0,"[0.3201758326786262,0.6798241673213739]"
18125.0,1,1.0,"[0.14310986516688287,0.8568901348331172]"
18126.0,1,1.0,"[0.4019164249878852,0.5980835750121147]"
18130.0,1,1.0,"[0.21184811459645758,0.7881518854035424]"
18135.0,1,1.0,"[0.35614617403664023,0.6438538259633597]"
18145.0,1,1.0,"[0.09243598193518864,0.9075640180648114]"
18149.0,1,1.0,"[0.3894917565721253,0.6105082434278747]"
18151.0,0,1.0,"[0.3019199920004198,0.6980800079995801]"
18158.0,1,1.0,"[0.35051323743070295,0.649486762569297]"
18176.0,0,1.0,"[0.35705904119585785,0.6429409588041421]"
18180.0,1,1.0,"[0.14057622177906792,0.8594237782209321]"
18188.0,1,1.0,"[0.16271421557085752,0.8372857844291425]"
18189.0,1,1.0,"[0.2093316151152606,0.7906683848847393]"
18192.0,1,1.0,"[0.2511560633401959,0.7488439366598041]"
18198.0,1,1.0,"[0.09366613238248674,0.9063338676175132]"
18202.0,0,1.0,"[0.19315337193871107,0.8068466280612889]"
18212.0,0,1.0,"[0.43470779429258866,0.5652922057074113]"
18216.0,1,1.0,"[0.3793454705100323,0.6206545294899677]"
18224.0,0,0.0,"[0.5943618919831424,0.4056381080168576]"
18228.0,1,1.0,"[0.304898092256073,0.695101907743927]"
18229.0,1,1.0,"[0.0682507221594104,0.9317492778405896]"
18231.0,0,1.0,"[0.13137467309907477,0.8686253269009252]"
18236.0,1,1.0,"[0.25182111135119595,0.7481788886488041]"
18252.0,1,1.0,"[0.25582680734989843,0.7441731926501016]"
18259.0,1,1.0,"[0.18378209538031787,0.8162179046196821]"
18260.0,0,1.0,"[0.11544798279422323,0.8845520172057768]"
18262.0,0,0.0,"[0.5968911752894216,0.4031088247105784]"
18265.0,1,1.0,"[0.27302013481367826,0.7269798651863217]"
18274.0,1,0.0,"[0.5735208071685233,0.4264791928314767]"
18282.0,1,0.0,"[0.5636608379642722,0.43633916203572776]"
